{
    "giftWholesaleInfoDTO": null,
    "adFlag": "",
    "order_user": 1249,
    "stepPrice": [
        42.1
    ],
    "express": false,
    "joinCarMap": {
        "gift": null,
        "joinedAmount": 0,
        "validDate": "2025-05-21",
        "tax": 0,
        "stepPrice": [
            42.1
        ],
        "message": "您每天仅能购买5盒, 剩余可购买5盒",
        "limitMessage": "(限购5盒)",
        "stockAvailable": 5,
        "unit": "盒",
        "drugMinAmount": 5,
        "stockDisplay": "5",
        "nearEffectStatus": 0,
        "joinstatus": 0,
        "drugName": "5盒包邮可威 磷酸奥司他韦颗粒15mg*10袋",
        "isGlobal": 0,
        "stockStatus": "有货",
        "step": 1,
        "discountTags": null,
        "maxAmount": 5,
        "stepCnt": []
    },
    "minamount": 5,
    "teamBuyTogether": false,
    "price": "42.10",
    "order_amount": 5,
    "leavetime": 48859,
    "hourlyReach": "",
    "originalUnit": "盒",
    "busiScopeInStore": true,
    "brand": "可威",
    "busiScope": 2,
    "promotion_type": 0,
    "wholesaleLabel": null,
    "success_amount": 5,
    "old_price": "0.00",
    "providerDisInfo": [],
    "drugname": "【夜间拼团】5盒包邮可威 磷酸奥司他韦颗粒15mg*10袋",
    "tax": 0,
    "success_time": 1698739687,
    "prodDate": "2023-05-22",
    "unit": "盒",
    "purchased": false,
    "sourceType": 0,
    "is_fr_cancel": 0,
    "prodPlace": "",
    "provider_id": 4788,
    "start_amount": 5,
    "excellentTags": [],
    "excellentExpress": "",
    "distance": null,
    "wholesaleType": 7,
    "promotion_url2": "",
    "normal_state": 0,
    "sale_type": 1,
    "chainPrice": "42.10",
    "drugimageurl": "https://img.ysbang.cn/data/img/sale/scm/2023/7/09527b0118.jpeg",
    "warehouseName": "",
    "providerType": "1",
    "manufacturer": "宜昌东阳光长江药业股份有限公司",
    "warehouseCity": "",
    "teamBuy_state": 3,
    "valid_date": "2025-05-21",
    "providerId": 4788,
    "globuyLables": [],
    "dis_type": 0,
    "specNumTip": null,
    "stepCnt": [],
    "provider_name": "药店品种预约中心",
    "approval": "国药准字H20080763",
    "specification": "15mg*10袋",
    "isAcDrug": 0,
    "abbreviation": "药店品种预约中心",
    "activitytype": 7,
    "delivery_floor": 0,
    "cn_name": "可威 磷酸奥司他韦颗粒",
    "wholesaleid": 258396121,
    "rec_type": 0,
    "promotion_url": "",
    "isGlobal": 0,
    "progress": 1,
    "max_amount": 5,
    "step": 1,
    "left_amount": 5,
    "druginfo_common_name": "磷酸奥司他韦颗粒",
    "hideCountdown": false,
    "isMedicare": true,
    "liveStreaming": false
}